hog_feature_0,hog_feature_1,hog_feature_2,hog_feature_3,hog_feature_4,hog_feature_5,hog_feature_6,hog_feature_7,hog_feature_8,hog_feature_9,label
0.3864653964378813,0.35355339053803103,0.37733381697216484,0.25374131199285105,0.35997246710919256,0.3559477068870248,0.35624210814953633,0.35557565029446003,0.3738556255767668,0.38003415533623336,Laterite soil
0.36070915415931937,0.37158426193199834,0.36541837283365347,0.35355339053803103,0.3555014467105865,0.365769972319344,0.36063471664005353,0.36331366700332923,0.35355339053803103,0.3541807766221316,Laterite soil
0.37190634008204554,0.3606892552879636,0.35355339053803103,0.3542593767985078,0.3625641839642431,0.35355339053803103,0.35355339053803103,0.35355339053803103,0.36281860716843545,0.36463435951008827,Laterite soil
0.35355339053803103,0.35355339053803103,0.36442410499736755,0.35355339053803103,0.35425235667479416,0.35677215615997004,0.3879790458187552,0.3603257432893406,0.35402727266424067,0.35355339053803103,Laterite soil
0.3759643544106857,0.3629856719109694,0.35355339053803103,0.3785570225164626,0.35355339053803103,0.35355339053803103,0.3080625209109131,0.3712880287593577,0.35355339053803103,0.35355339053803103,Laterite soil
0.5391067029335861,0.35355339053803103,0.42880598349977317,0.3570250556819841,0.5854311705315914,0.38694978840234523,0.42139261794397154,0.36533226291856646,0.35355339053803103,0.37082129046347273,Laterite soil
0.36716256482996507,0.3556959658472074,0.35355339053803103,0.35355339053803103,0.35355339053803103,0.35355339053803103,0.35355339053803103,0.35355339053803103,0.35355339053803103,0.35756807422712683,Laterite soil
0.4026625838798028,0.35355339053803103,0.35355339053803103,0.35355339053803103,0.49861504988473193,0.3703307075076039,0.5061015667912815,0.35355339053803103,0.35355339053803103,0.35355339053803103,Laterite soil
0.35451726305975517,0.35355339053803103,0.35463005446544665,0.35404515489814214,0.35355339053803103,0.35355339053803103,0.3596075886459588,0.357883640235886,0.35355339053803103,0.35355339053803103,Laterite soil
0.42680895130421187,0.3634439016281572,0.35398097930869765,0.35355339053803103,0.3551273539949293,0.4583301754289979,0.3835328004507721,0.35355339053803103,0.3613617434147062,0.3623995483777,Laterite soil
0.37025294720949875,0.35427148771368333,0.35355339053803103,0.3610751273436454,0.35355339053803103,0.3582057966928865,0.35355339053803103,0.35355339053803103,0.35355339053803103,0.35355339053803103,Laterite soil
0.35355339053803103,0.35355339053803103,0.35490983007260807,0.35355339053803103,0.36788309603856334,0.35355339053803103,0.3698591390591592,0.3588799576267044,0.36335126267010676,0.35355339053803103,Laterite soil
0.3617593854256318,0.35672679792897205,0.3594796749373483,0.35355339053803103,0.35850129421216603,0.356567324129298,0.3593937759836389,0.3801515509941938,0.3570618783926134,0.35727985380574284,Laterite soil
0.35355339053803103,0.378796507080489,0.3619208379117293,0.35355339053803103,0.35355339053803103,0.3568373680347191,0.37057396923828473,0.35355339053803103,0.35355339053803103,0.35355339053803103,Laterite soil
0.35355339053803103,0.35977080996035027,0.35355339053803103,0.35355339053803103,0.3573768291966941,0.3540840587532092,0.3928454754124889,0.3570722426186838,0.35355339053803103,0.35355339053803103,Laterite soil
0.35889130745777953,0.35355339053803103,0.35355339053803103,0.35355339053803103,0.35355339053803103,0.35355339053803103,0.35355339053803103,0.35355339053803103,0.35355339053803103,0.36564831178464785,Laterite soil
0.35356174716169536,0.35355339053803103,0.35355339053803103,0.35355339053803103,0.35355339053803103,0.35355339053803103,0.35430258460345987,0.35355339053803103,0.35355339053803103,0.361076366584317,Laterite soil
0.37399074528247694,0.3604243018688542,0.37648757284362894,0.3920247486902627,0.3758638384912636,0.37722824891089607,0.36463527607845164,0.39286475570978635,0.38183294375465343,0.4106373673294706,Laterite soil
0.35355339053803103,0.35355339053803103,0.3612229166095908,0.3572075799247352,0.35355339053803103,0.35355339053803103,0.35355339053803103,0.35355339053803103,0.35355339053803103,0.35355339053803103,Laterite soil
0.37190634008204554,0.3606892552879636,0.35355339053803103,0.3542593767985078,0.3625641839642431,0.35355339053803103,0.35355339053803103,0.35355339053803103,0.36281860716843545,0.36463435951008827,Laterite soil
0.3728396922595001,0.36345604121882735,0.35355339053803103,0.3692202150836151,0.36044978843448716,0.35355339053803103,0.35355339053803103,0.35355339053803103,0.35355339053803103,0.35355339053803103,Laterite soil
0.35355339053803103,0.38324166376601665,0.38131224267558655,0.3548490411989171,0.3676030349607163,0.355794741533618,0.35355339053803103,0.4013518220008288,0.35355339053803103,0.36687389684153104,Laterite soil
0.36826592109296497,0.35355339053803103,0.35355339053803103,0.35355339053803103,0.35355339053803103,0.3594996037486208,0.35355339053803103,0.35355339053803103,0.35427077957101716,0.35355339053803103,Laterite soil
0.3720222978648886,0.35355339053803103,0.3691225079694761,0.35355339053803103,0.3547449927902898,0.35355339053803103,0.35355339053803103,0.35355339053803103,0.35355339053803103,0.35607061945657087,Laterite soil
0.36173461733397916,0.35355339053803103,0.3561998153584172,0.35355339053803103,0.35355339053803103,0.35355339053803103,0.35355339053803103,0.35355339053803103,0.35355339053803103,0.35355339053803103,Laterite soil
0.36256023813777866,0.37717369114803884,0.39388345573693573,0.35355339053803103,0.377812238242907,0.38023860611057086,0.35355339053803103,0.35355339053803103,0.35355339053803103,0.35355339053803103,Laterite soil
0.35355339053803103,0.35355339053803103,0.35588447425802056,0.35605591748738724,0.35355339053803103,0.35355339053803103,0.3611843539484638,0.3557362469035299,0.35355339053803103,0.35355339053803103,Laterite soil
0.35355339053803103,0.35355339053803103,0.35389571718902246,0.35355339053803103,0.35355339053803103,0.3603528867814578,0.35355339053803103,0.3573168149187548,0.356714368758048,0.35355339053803103,Laterite soil
0.35355339053803103,0.37279781952838187,0.35355339053803103,0.3671777084952642,0.35355339053803103,0.35355339053803103,0.3628131828284178,0.3646145637928809,0.41488621398883474,0.35355339053803103,Laterite soil
0.35355339053803103,0.35355339053803103,0.36058806535266397,0.30720637313177873,0.35554131266296113,0.35355339053803103,0.35355339053803103,0.3565060918634514,0.35355339053803103,0.35355339053803103,Sandy soil
0.35355339053803103,0.35355339053803103,0.35911693040470266,0.35723901389783347,0.368019594248997,0.36827492066473877,0.35355339053803103,0.3635543695613957,0.35355339053803103,0.365316397308491,Sandy soil
0.35355339053803103,0.35472121145544705,0.3588509109914917,0.35355339053803103,0.35355339053803103,0.3583310338134787,0.35355339053803103,0.35355339053803103,0.35355339053803103,0.35598586158925066,Sandy soil
0.3928341587999753,0.35355339053803103,0.35355339053803103,0.36300425981084833,0.35355339053803103,0.35355339053803103,0.35355339053803103,0.35355339053803103,0.35355339053803103,0.35355339053803103,Sandy soil
0.3548346564723968,0.35355339053803103,0.37528923516312007,0.35355339053803103,0.35355339053803103,0.35355339053803103,0.35355339053803103,0.35355339053803103,0.35355339053803103,0.36088409157349266,Sandy soil
0.35355339053803103,0.33729675106629364,0.37925034782932,0.4304638960992398,0.3735980313094419,0.3172685564533191,0.35355339053803103,0.39411008646258794,0.36345306187957976,0.35355339053803103,Sandy soil
0.35355339053803103,0.35355339053803103,0.39167436034735376,0.39076583684795646,0.37219139689413633,0.2777244055243253,0.38327116108746406,0.22186214649623465,0.3706006022648108,0.35355339053803103,Sandy soil
0.35355339053803103,0.35355339053803103,0.3760960528730945,0.35355339053803103,0.36935100712386393,0.3755751996162269,0.36343436882268043,0.2756052608038026,0.3696396356788388,0.16014443295720152,Sandy soil
0.35355339053803103,0.35355339053803103,0.3558305953116218,0.3547398842662045,0.3604511406134387,0.35355339053803103,0.35355339053803103,0.37547547028901734,0.4078111508121121,0.3698387564127224,Sandy soil
0.35355339053803103,0.35355339053803103,0.35355339053803103,0.35355339053803103,0.35355339053803103,0.35355339053803103,0.35355339053803103,0.35355339053803103,0.35355339053803103,0.35355339053803103,Sandy soil
0.3614963488822844,0.35355339053803103,0.35355339053803103,0.35355339053803103,0.35527677903976684,0.35418214976428536,0.35355339053803103,0.35355339053803103,0.36616644482093597,0.3570046298430084,Sandy soil
0.35881403038341636,0.35355339053803103,0.35355339053803103,0.35355339053803103,0.35355339053803103,0.35355339053803103,0.35355339053803103,0.35355339053803103,0.35355339053803103,0.35848905880160503,Sandy soil
0.35771389517996827,0.35355339053803103,0.35355339053803103,0.35355339053803103,0.35355339053803103,0.3627676175579908,0.35355339053803103,0.3554494283832766,0.36233262973609026,0.3543464854726308,Sandy soil
0.3729037644388987,0.36179480649163537,0.35355339053803103,0.36969920273209667,0.35355339053803103,0.35355339053803103,0.3576274526077068,0.36413369217890634,0.3772297879780458,0.35355339053803103,Sandy soil
0.35355339053803103,0.35355339053803103,0.354928419514354,0.35355339053803103,0.35355339053803103,0.35355339053803103,0.35355339053803103,0.35355339053803103,0.35355339053803103,0.3543069077557354,Sandy soil
0.35355339053803103,0.35355339053803103,0.35355339053803103,0.35355339053803103,0.35443277034652815,0.35355339053803103,0.35355339053803103,0.35355339053803103,0.35355339053803103,0.35355339053803103,Sandy soil
0.3822552021185184,0.35355339053803103,0.3701986625299997,0.35486729146749935,0.35355339053803103,0.3581959466629841,0.3694006381899402,0.35355339053803103,0.35355339053803103,0.35355339053803103,Sandy soil
0.35355339053803103,0.35355339053803103,0.36308991043827227,0.35355339053803103,0.35355339053803103,0.35355339053803103,0.35355339053803103,0.35355339053803103,0.35355339053803103,0.35355339053803103,Sandy soil
0.36400230627863367,0.35355339053803103,0.359474369668143,0.35355339053803103,0.35355339053803103,0.3577972798694423,0.35355339053803103,0.35355339053803103,0.35355339053803103,0.35355339053803103,Sandy soil
0.35355339053803103,0.3653579422305169,0.35355339053803103,0.35355339053803103,0.35355339053803103,0.36170184823247875,0.35355339053803103,0.35355339053803103,0.35355339053803103,0.35355339053803103,Sandy soil
0.35355339053803103,0.35355339053803103,0.36085056723793246,0.35355339053803103,0.35355339053803103,0.35355339053803103,0.35355339053803103,0.35355339053803103,0.35355339053803103,0.35355339053803103,Sandy soil
0.35395620172725495,0.35355339053803103,0.35355339053803103,0.3582540813945249,0.3602348457953835,0.35355339053803103,0.3713699807483085,0.35355339053803103,0.35355339053803103,0.35355339053803103,Sandy soil
0.3552791659625569,0.35355339053803103,0.3644399902782698,0.35355339053803103,0.36728220892045366,0.35355339053803103,0.3616453448919737,0.3613613136095314,0.36755220000030503,0.3802217669502878,Sandy soil
0.35466829329691607,0.35355339053803103,0.3570046275680459,0.35355339053803103,0.35355339053803103,0.35355339053803103,0.3659024904637338,0.358389267872986,0.35355339053803103,0.35948598283394606,Sandy soil
0.3614963488822844,0.35355339053803103,0.35355339053803103,0.35355339053803103,0.35527677903976684,0.35418214976428536,0.35355339053803103,0.35355339053803103,0.36616644482093597,0.3570046298430084,Sandy soil
0.37021394010858477,0.35355339053803103,0.35355339053803103,0.36436601508405536,0.35355339053803103,0.35355339053803103,0.35355339053803103,0.35355339053803103,0.35355339053803103,0.35355339053803103,Sandy soil
0.35355339053803103,0.3768690693760258,0.35355339053803103,0.5639418501780049,0.3558999358647892,0.26224610439695667,0.3736647397618564,0.361844031385863,0.35355339053803103,0.38588924136502445,Sandy soil
0.35582434468583085,0.35738749642112516,0.35355339053803103,0.35355339053803103,0.35355339053803103,0.3261131975993115,0.3203629802234452,0.35355339053803103,0.3798899306765887,0.35918574632326195,Sandy soil
0.35355339053803103,0.35355339053803103,0.3625032243487234,0.35355339053803103,0.35355339053803103,0.3668322611427763,0.35490841419330976,0.36560468606345115,0.383815478855703,0.35355339053803103,Sandy soil
0.35355339053803103,0.3464897626063992,0.353686022375927,0.3556561619545346,0.35355339053803103,0.35355339053803103,0.35355339053803103,0.3518200825206795,0.3537857812495416,0.35355339053803103,Sandy soil
0.35355339053803103,0.3565097953925945,0.35355339053803103,0.35355339053803103,0.35355339053803103,0.35355339053803103,0.35355339053803103,0.35355339053803103,0.35355339053803103,0.35355339053803103,Sandy soil
0.35355339053803103,0.3730597764593309,0.35355339053803103,0.35860356114689934,0.35355339053803103,0.35355339053803103,0.35355339053803103,0.35355339053803103,0.35355339053803103,0.35355339053803103,Sandy soil
0.35776750183758405,0.3677010772478343,0.40672432847201023,0.35355339053803103,0.35355339053803103,0.35355339053803103,0.35355339053803103,0.3614197013685699,0.35355339053803103,0.35355339053803103,Alluvial soil
0.37161134058368955,0.35355339053803103,0.35355339053803103,0.35355339053803103,0.37741906646833856,0.35355339053803103,0.36282197713300257,0.35355339053803103,0.39359969747273443,0.35808014310155056,Alluvial soil
0.36846056926659876,0.35555796012574786,0.3695208727640344,0.3580048673643492,0.4088476738198492,0.35960134266697763,0.40016654230890125,0.3625934572938926,0.3654372560784663,0.35625057904525426,Alluvial soil
0.35395620172725495,0.35355339053803103,0.35355339053803103,0.3582540813945249,0.3602348457953835,0.35355339053803103,0.3713699807483085,0.35355339053803103,0.35355339053803103,0.35355339053803103,Alluvial soil
0.3620339398077247,0.3681225653135314,0.35355339053803103,0.3627346906521803,0.4820552105772543,0.3671676892615796,0.357806706295683,0.34132521582058317,0.315905857234472,0.37652180777609584,Alluvial soil
0.35355339053803103,0.3662024870923384,0.39879015317793665,0.3556045400116446,0.35355339053803103,0.35355339053803103,0.35355339053803103,0.3670428438407959,0.35355339053803103,0.35816140700589144,Alluvial soil
0.35355339053803103,0.3662024870923384,0.39879015317793665,0.3556045400116446,0.35355339053803103,0.35355339053803103,0.35355339053803103,0.3670428438407959,0.35355339053803103,0.35816140700589144,Alluvial soil
0.37563387843440826,0.35355339053803103,0.35355339053803103,0.36756790388729577,0.4018810420836735,0.358574079537748,0.3667638341783489,0.35777964107240157,0.3584285293020902,0.35355339053803103,Alluvial soil
0.3688326680490178,0.371426398096462,0.35355339053803103,0.3697286463849004,0.5598061986100612,0.39240008369799534,0.3572799369464192,0.35355339053803103,0.35355339053803103,0.35723561272068227,Alluvial soil
0.36185277437554836,0.354927268545314,0.36278816716054774,0.35355339053803103,0.3562273127239985,0.35355339053803103,0.35355339053803103,0.35355339053803103,0.35355339053803103,0.35355339053803103,Alluvial soil
0.37161134058368955,0.35355339053803103,0.35355339053803103,0.35355339053803103,0.37741906646833856,0.35355339053803103,0.36282197713300257,0.35355339053803103,0.39359969747273443,0.35808014310155056,Alluvial soil
0.35355339053803103,0.35355339053803103,0.36582271463995136,0.3604378124302067,0.36544922104211525,0.35355339053803103,0.36366122003587803,0.35715724182897346,0.35355339053803103,0.36438280516905536,Sandy loam
0.3641754502698253,0.35355339053803103,0.35355339053803103,0.35355339053803103,0.35355339053803103,0.3867774477815162,0.3613692307755006,0.35355339053803103,0.3759813196771551,0.3547954567475837,Sandy loam
0.3619223410246212,0.355257921094874,0.35743096693829496,0.35355339053803103,0.35824471989416456,0.35355339053803103,0.3556291171861736,0.35355339053803103,0.35355339053803103,0.35355339053803103,Sandy loam
0.448212787842346,0.35355339053803103,0.35355339053803103,0.3623201307191522,0.41007809340069623,0.3786957128439958,0.44028528661603655,0.35355339053803103,0.35355339053803103,0.35355339053803103,Sandy loam
0.3613134672213518,0.35355339053803103,0.35355339053803103,0.35355339053803103,0.35355339053803103,0.35421771623848025,0.35355339053803103,0.35355339053803103,0.35355339053803103,0.35355339053803103,Sandy loam
0.3658788313517272,0.4530455615626001,0.35355339053803103,0.4443986369203269,0.3120315691181979,0.4155868720935858,0.37188108307571666,0.4688861486292858,0.38567315973979854,0.4659931402388641,Sandy loam
0.3619295797457459,0.35355339053803103,0.35852176979548,0.37359739910800044,0.35355339053803103,0.35355339053803103,0.35355339053803103,0.3646692260069358,0.38643767630414244,0.35355339053803103,Sandy loam
0.35355339053803103,0.37136524700219786,0.35355339053803103,0.35355339053803103,0.3619303452325461,0.35355339053803103,0.35355339053803103,0.35355339053803103,0.35355339053803103,0.35355339053803103,Sandy loam
0.37716987578592504,0.3716827825111983,0.35355339053803103,0.35355339053803103,0.36251885931528716,0.35963165927518237,0.35430415538940213,0.35495966933088685,0.402841495225529,0.35355339053803103,Sandy loam
0.37790048176149355,0.35772323143242213,0.35355339053803103,0.35784435126200537,0.35355339053803103,0.3614252714379757,0.36580212965100317,0.35355339053803103,0.35355339053803103,0.35746045912142677,Sandy loam
0.3587784219776601,0.3957366363347124,0.36714804589394223,0.36134255455196995,0.35355339053803103,0.38477594064667064,0.35355339053803103,0.3658843815964174,0.3745558113596947,0.3668125541039083,Sandy loam
0.3651431032127528,0.35355339053803103,0.3565318646479919,0.30004422905497563,0.35355339053803103,0.35355339053803103,0.35355339053803103,0.35355339053803103,0.35355339053803103,0.35355339053803103,Sandy loam
0.36011030675032735,0.354633552003614,0.35355339053803103,0.36459501954267676,0.36332492723481713,0.35656441735583366,0.35355339053803103,0.35355339053803103,0.35355339053803103,0.35365274176993,Sandy loam
0.3557423990175123,0.3559646765399729,0.38413111257655325,0.35355339053803103,0.35935156153782577,0.35355339053803103,0.35355339053803103,0.33396033547165943,0.3689043869056774,0.35355339053803103,Sandy loam
0.35355339053803103,0.35355339053803103,0.35355339053803103,0.35376871264939497,0.36013511098856743,0.36278498162109507,0.35368496696567714,0.35355339053803103,0.35355339053803103,0.35454049140686933,Sandy loam
0.35355339053803103,0.3564055113409946,0.3590320449536568,0.3580326489258957,0.3564713077786545,0.36853660487055945,0.35355339053803103,0.36160648949109525,0.35355339053803103,0.36597537203611236,Sandy loam
0.38302937406086607,0.35510053909319256,0.35355339053803103,0.4659056017555281,0.38317896067392493,0.36015145751173144,0.3579007794284079,0.35355339053803103,0.357744245023701,0.35423708493292305,Sandy loam
0.35558562502838253,0.35355339053803103,0.35355339053803103,0.36553613644294836,0.36890842670767315,0.3666106886282371,0.36298903090786383,0.35355339053803103,0.3022999629961547,0.35355339053803103,Sandy loam
0.35355339053803103,0.35355339053803103,0.35355339053803103,0.35355339053803103,0.38659237408336883,0.372037276604063,0.35719896035055393,0.35355339053803103,0.36321627134391316,0.3999698923659968,Sandy loam
0.35355339053803103,0.35587802840297117,0.3546134312598653,0.35614887447178095,0.35355339053803103,0.37199235197397257,0.35355339053803103,0.35406384045307926,0.3587133048112112,0.35777910576285665,Sandy loam
0.3624465458731781,0.3536982578056357,0.35355339053803103,0.35355339053803103,0.35355339053803103,0.35991409003031033,0.35355339053803103,0.35933325137761124,0.35852688540326777,0.3540086323060204,Sandy loam
0.35355339053803103,0.35355339053803103,0.35355339053803103,0.37117527861516164,0.3614087701904997,0.3544593551672427,0.35461540916102785,0.35355339053803103,0.35355339053803103,0.3639731675161523,Sandy loam
0.38716523363183597,0.35512424955424277,0.37128766719235223,0.38771921601650033,0.3574489595788977,0.3652806298035231,0.3551875698857685,0.3640140772169348,0.357377659451127,0.3798604070424095,Sandy loam
0.361076301731597,0.35355339053803103,0.35355339053803103,0.35355339053803103,0.3544329480963678,0.35355339053803103,0.36359530317920086,0.35355339053803103,0.35355339053803103,0.35355339053803103,Sandy loam
0.35355339053803103,0.47660017317017783,0.48835811156952186,0.359427982730192,0.38379985082710194,0.35355339053803103,0.5085623869847907,0.4041540428673978,0.3654790325128119,0.3834015276273942,Sandy loam
0.35355339053803103,0.35510093877512783,0.35355339053803103,0.35355339053803103,0.35355339053803103,0.35355339053803103,0.35355339053803103,0.35355339053803103,0.35355339053803103,0.35355339053803103,Sandy loam
0.35930248251011504,0.35444120890585873,0.3588569575780246,0.35355339053803103,0.3637908958985917,0.36268545031408483,0.35355339053803103,0.35445996540177,0.37150142973367006,0.35355339053803103,Clayey soils
0.3618487557809392,0.36385869595162723,0.3709682558116613,0.35285501495339733,0.35355339053803103,0.35355339053803103,0.3654472810325175,0.2832885483739261,0.3644799531533728,0.36835366278777476,Clayey soils
0.35355339053803103,0.35355339053803103,0.3553930267706343,0.35355339053803103,0.3547536291645092,0.35355339053803103,0.35355339053803103,0.35961975262170626,0.35355339053803103,0.35355339053803103,Clayey soils
0.35355339053803103,0.36435054083878166,0.36263494761405646,0.36783879781047674,0.35355339053803103,0.35355339053803103,0.35927846403868446,0.35355339053803103,0.3685768784356866,0.36163315346015845,Clayey soils
0.37797379836663136,0.36072509186242163,0.3710368010556407,0.4011293483875272,0.35355339053803103,0.3601697766933357,0.3697901066457074,0.39443290128846376,0.387241861641216,0.5405314384290286,Clayey soils
0.36311904346458435,0.35355339053803103,0.35355339053803103,0.37222491871516816,0.3610505818377244,0.36265263692701055,0.35355339053803103,0.35355339053803103,0.35355339053803103,0.35355339053803103,Clayey soils
0.36327015426097187,0.35355339053803103,0.3611572189604286,0.35355339053803103,0.35355339053803103,0.35355339053803103,0.3559749990767437,0.35355339053803103,0.3709551236812701,0.3636773622686204,Clayey soils
0.35355339053803103,0.3705314727149561,0.35355339053803103,0.38103032442168916,0.3779305869913509,0.37271781458493436,0.3733180079362849,0.35355339053803103,0.10228615538007554,0.37046513111544005,Clayey soils
0.3648463298822347,0.35406148525604686,0.3834667715804685,0.35355339053803103,0.35355339053803103,0.35769045765530205,0.36945795434038164,0.35355339053803103,0.35355339053803103,0.3364929750504308,Clayey soils
0.3844575469859661,0.4944690627293283,0.3391805019776263,0.6009513924666001,0.35776807632439506,0.421030045619923,0.37290927143324737,0.48955619650953586,0.557189333712735,0.2848517615086245,Clayey soils
0.6717605741911634,0.4814511029447174,0.5798179716736521,0.57508598285744,0.6457729303729444,0.6959117943067287,0.6480950504491073,0.6944629517636892,0.37000420603501827,0.6653194043070201,Clayey soils
0.38951054568505367,0.7646664076071811,0.557833076070196,0.4108005962831968,0.39741019312344383,0.5669666389802516,0.3584648131226598,0.5917935970962503,0.5933798874432867,0.5200433406510981,Clayey soils
0.41316398650114605,0.35355339053803103,0.35355339053803103,0.38082246749141235,0.3552784180164112,0.35355339053803103,0.3631574178192243,0.41322982839712896,0.35355339053803103,0.45301331595062183,Clayey soils
0.3551203320874894,0.35355339053803103,0.35355339053803103,0.35355339053803103,0.35355339053803103,0.3589415804090765,0.35801599227032793,0.35355339053803103,0.35355339053803103,0.35355339053803103,Clayey soils
0.3603074725758726,0.35355339053803103,0.39272801557830067,0.35355339053803103,0.3556662322344375,0.3924134825898839,0.3566249943288672,0.36324873841296057,0.3975149092056875,0.36531096313579464,Clayey soils
0.36496521729082365,0.35355339053803103,0.36226589665843495,0.36066827783803407,0.3557480570158055,0.36241632274055907,0.35355339053803103,0.39546338367033645,0.3005511810602815,0.35355339053803103,Clayey soils
0.44947877532937747,0.36333725246336246,0.3130332588542462,0.37847766924890774,0.41786610884362413,0.35355339053803103,0.36700145531779155,0.3725857480023374,0.3604023173861057,0.5011330669495769,Clayey soils
0.44021222787322883,0.3754945338541034,0.44467327191335454,0.3849707951537916,0.3618634221910541,0.4523752467483294,0.3961520577890117,0.32754906285386776,0.44307724576286633,0.27241883922273524,Clayey soils
0.4419293519530871,0.5716392202449302,0.5694019989059504,0.37087084323947533,0.3770054136718431,0.37183562635388473,0.35355339053803103,0.5533331170899891,0.5489994929267233,0.4128847422760749,Clayey soils
0.35355339053803103,0.3556020275023093,0.3700658210254944,0.37482049145009955,0.3687717999878405,0.35355339053803103,0.3634626938967,0.35355339053803103,0.3940126410089107,0.3713298549303031,Clayey soils
0.35355339053803103,0.35355339053803103,0.35355339053803103,0.35355339053803103,0.35355339053803103,0.3640431679311064,0.3537853639518109,0.35355339053803103,0.35355339053803103,0.35355339053803103,Clayey soils
0.40587103343590636,0.35355339053803103,0.36156620963818253,0.3954069324151361,0.12796662824262975,0.4061029149540393,0.3578007154580715,0.355926065391147,0.35355339053803103,0.361354571654266,Clayey soils
0.368623400018398,0.35355339053803103,0.35355339053803103,0.37317137189038857,0.38183744901643624,0.36262675151891255,0.3747723281730682,0.36184563318209445,0.37302427066344557,0.35355339053803103,Clayey soils
0.30053110204793665,0.35355339053803103,0.2419817504172121,0.35355339053803103,0.35355339053803103,0.3587542539460523,0.35355339053803103,0.36765358365675593,0.3544077531881651,0.3657553837444998,Clayey soils
0.3658971038310083,0.35355339053803103,0.37478140049326614,0.35355339053803103,0.35355339053803103,0.36921733123823086,0.35355339053803103,0.3618531284002189,0.3603153319017168,0.35355339053803103,Clayey soils
0.3677234310055137,0.35350585757920894,0.35355339053803103,0.35355339053803103,0.323550782769336,0.35355339053803103,0.360423164797109,0.35392668439032715,0.3678186645078308,0.35355339053803103,Clayey soils
0.36131261005484117,0.35355339053803103,0.35355339053803103,0.35355339053803103,0.35355339053803103,0.35355339053803103,0.35355339053803103,0.35355339053803103,0.35904699663967266,0.35355339053803103,Clayey soils
0.3756013032289395,0.38440803654880046,0.3521556512963972,0.38504270644490407,0.3580504546514304,0.35355339053803103,0.3782030979226569,0.35355339053803103,0.35355339053803103,0.3548556822388971,Clayey soils
0.35355339053803103,0.4337406537745983,0.3646047889501361,0.43683504346685426,0.3716512478698939,0.35923049034804216,0.38898036678819525,0.42645125126298544,0.3967321873780773,0.3560610812296279,Clayey soils
0.3570232628133,0.35355339053803103,0.35355339053803103,0.35355339053803103,0.35355339053803103,0.35355339053803103,0.35355339053803103,0.35355339053803103,0.35355339053803103,0.3647245582805493,Loamy soil
0.35489833866907666,0.3623299855606128,0.35355339053803103,0.35355339053803103,0.35355339053803103,0.35940622169172143,0.36352733326820086,0.3590833205126375,0.35355339053803103,0.35956154068339496,Loamy soil
0.35355339053803103,0.3788890635932843,0.35355339053803103,0.3556448744451656,0.35355339053803103,0.35355339053803103,0.35355339053803103,0.35355339053803103,0.3710062841256767,0.35355339053803103,Loamy soil
0.35781757871031517,0.35355339053803103,0.35355339053803103,0.35355339053803103,0.3536610727341319,0.35355339053803103,0.35355339053803103,0.24499905185306625,0.35355339053803103,0.35355339053803103,Loamy soil
0.396774954238077,0.3245238038976006,0.4195747051676415,0.4215384045977118,0.37894762181658304,0.3645931848558906,0.3365810882302578,0.43600075908870756,0.37340336397184243,0.40485139224068717,Loamy soil
0.35355339053803103,0.35355339053803103,0.35355339053803103,0.35355339053803103,0.35355339053803103,0.35355339053803103,0.35355339053803103,0.35355339053803103,0.35355339053803103,0.35355339053803103,Loamy soil
0.356699625489597,0.35355339053803103,0.35355339053803103,0.3299168359775924,0.35355339053803103,0.3603993822264677,0.3609977175180346,0.35355339053803103,0.37384676915777415,0.35355339053803103,Loamy soil
0.35355339053803103,0.35355339053803103,0.35355339053803103,0.35913767767387117,0.35355339053803103,0.35355339053803103,0.35355339053803103,0.35355339053803103,0.35355339053803103,0.35355339053803103,Loamy soil
0.35355339053803103,0.354461406440846,0.35488089829893016,0.35355339053803103,0.35355339053803103,0.3590412066160899,0.35355339053803103,0.3565525338495763,0.3992412206797634,0.3463346998007498,Loamy soil
0.35355339053803103,0.35355339053803103,0.36394242987367914,0.35355339053803103,0.3453565023210395,0.35355339053803103,0.35355339053803103,0.35355339053803103,0.35355339053803103,0.35355339053803103,Loamy soil
0.35355339053803103,0.35355339053803103,0.35355339053803103,0.3541016615852882,0.35355339053803103,0.3556665463560662,0.3538838864834681,0.35355339053803103,0.35355339053803103,0.35879918792869125,Loamy soil
0.36199177928154896,0.35355339053803103,0.368086332339111,0.35355339053803103,0.34377132607422584,0.35355339053803103,0.35355339053803103,0.35355339053803103,0.35650993869636205,0.35355339053803103,Loamy soil
0.35866606125283934,0.36731804467392554,0.35355339053803103,0.35355339053803103,0.35355339053803103,0.35603033999265693,0.36434217839193184,0.3643774083674157,0.354565117231506,0.3553350637885678,Loamy soil
0.35355339053803103,0.35355339053803103,0.35355339053803103,0.3235352787020961,0.36202303763177096,0.35355339053803103,0.35355339053803103,0.35355339053803103,0.35355339053803103,0.35355339053803103,Loamy soil
0.3613685783053055,0.35355339053803103,0.35753990070642166,0.35355339053803103,0.35355339053803103,0.35355339053803103,0.35355339053803103,0.35355339053803103,0.35355339053803103,0.35355339053803103,Loamy soil
0.3569875074771883,0.35744428713579035,0.35355339053803103,0.35563104835881315,0.35355339053803103,0.35355339053803103,0.35355339053803103,0.35355339053803103,0.35355339053803103,0.35600041292054213,Loamy soil
0.3633079241046706,0.35355339053803103,0.3612961956096189,0.37418582176939685,0.41395359073965154,0.45034917858516554,0.3799303192921154,0.37712532075699456,0.3615303163691725,0.3689140940798095,Loamy soil
